2021-04-20 17:27:35.173768,86,9
2021-04-20 17:28:35.173768,213,3
2021-04-20 17:29:35.173768,92,7
2021-04-20 17:30:35.173768,135,7
2021-04-20 17:31:35.173768,145,6
2021-04-20 17:32:35.173768,197,1
2021-04-20 17:33:35.173768,96,3
2021-04-20 17:34:35.173768,43,2
2021-04-20 17:35:35.173768,180,5
2021-04-20 17:36:35.173768,93,7
2021-04-20 17:37:35.173768,88,2
2021-04-20 17:38:35.173768,168,3
2021-04-20 17:39:35.173768,160,10
2021-04-20 17:40:35.173768,12,4
2021-04-20 17:41:35.173768,126,6
2021-04-20 17:42:35.173768,105,9
2021-04-20 17:43:35.173768,155,6
2021-04-20 17:44:35.173768,57,1
2021-04-20 17:45:35.173768,134,7
2021-04-20 17:46:35.173768,104,2
2021-04-20 17:47:35.173768,170,10
2021-04-20 17:48:35.173768,68,5
2021-04-20 17:49:35.173768,126,3
2021-04-20 17:50:35.173768,110,10
2021-04-20 17:51:35.173768,147,1
2021-04-20 17:52:35.173768,26,10
2021-04-20 17:53:35.173768,25,1
2021-04-20 17:54:35.173768,194,9
2021-04-20 17:55:35.173768,68,5
2021-04-20 17:56:35.173768,184,9
2021-04-20 17:57:35.173768,103,5
2021-04-20 17:58:35.173768,13,8
2021-04-20 17:59:35.173768,28,8
2021-04-20 18:00:35.173768,29,1
2021-04-20 18:01:35.173768,113,5
2021-04-20 18:02:35.173768,189,3
2021-04-20 18:03:35.173768,16,7
2021-04-20 18:04:35.173768,51,9
2021-04-20 18:05:35.173768,42,8
2021-04-20 18:06:35.173768,79,4
2021-04-20 18:07:35.173768,15,5
2021-04-20 18:08:35.173768,161,6
2021-04-20 18:09:35.173768,95,3
2021-04-20 18:10:35.173768,155,3
2021-04-20 18:11:35.173768,86,2
2021-04-20 18:12:35.173768,85,10
2021-04-20 18:13:35.173768,164,10
2021-04-20 18:14:35.173768,32,5
2021-04-20 18:15:35.173768,32,10
2021-04-20 18:16:35.173768,190,9
2021-04-20 18:17:35.173768,37,8
2021-04-20 18:18:35.173768,1,9
2021-04-20 18:19:35.173768,105,8
2021-04-20 18:20:35.173768,120,5
2021-04-20 18:21:35.173768,192,3
2021-04-20 18:22:35.173768,5,2
2021-04-20 18:23:35.173768,145,2
2021-04-20 18:24:35.173768,189,7
2021-04-20 18:25:35.173768,70,1
2021-04-20 18:26:35.173768,62,1
2021-04-20 18:27:35.173768,102,1
2021-04-20 18:28:35.173768,39,7
2021-04-20 18:29:35.173768,77,3
2021-04-20 18:30:35.173768,56,6
2021-04-20 18:31:35.173768,80,4
2021-04-20 18:32:35.173768,30,10
2021-04-20 18:33:35.173768,75,3
2021-04-20 18:34:35.173768,17,10
2021-04-20 18:35:35.173768,172,9
2021-04-20 18:36:35.173768,220,3
2021-04-20 18:37:35.173768,172,3
2021-04-20 18:38:35.173768,218,7
2021-04-20 18:39:35.173768,205,3
2021-04-20 18:40:35.173768,128,10
2021-04-20 18:41:35.173768,108,3
2021-04-20 18:42:35.173768,198,2
2021-04-20 18:43:35.173768,125,7
2021-04-20 18:44:35.173768,36,1
2021-04-20 18:45:35.173768,12,8
2021-04-20 18:46:35.173768,84,8
2021-04-20 18:47:35.173768,140,2
2021-04-20 18:48:35.173768,40,4
2021-04-20 18:49:35.173768,128,3
2021-04-20 18:50:35.173768,104,1
2021-04-20 18:51:35.173768,177,3
2021-04-20 18:52:35.173768,146,2
2021-04-20 18:53:35.173768,169,4
2021-04-20 18:54:35.173768,142,8
2021-04-20 18:55:35.173768,69,9
2021-04-20 18:56:35.173768,90,7
2021-04-20 18:57:35.173768,157,8
2021-04-20 18:58:35.173768,208,6
2021-04-20 18:59:35.173768,13,7
2021-04-20 19:00:35.173768,20,4
2021-04-20 19:01:35.173768,89,2
2021-04-20 19:02:35.173768,200,4
2021-04-20 19:03:35.173768,71,9
2021-04-20 19:04:35.173768,141,2
2021-04-20 19:05:35.173768,138,6
2021-04-20 19:06:35.173768,69,8
2021-04-20 19:07:35.173768,76,1
2021-04-20 19:08:35.173768,125,8
2021-04-20 19:09:35.173768,18,6
2021-04-20 19:10:35.173768,10,4
2021-04-20 19:11:35.173768,5,2
2021-04-20 19:12:35.173768,167,9
2021-04-20 19:13:35.173768,217,3
2021-04-20 19:14:35.173768,159,3
2021-04-20 19:15:35.173768,136,4
2021-04-20 19:16:35.173768,171,6
2021-04-20 19:17:35.173768,159,1
2021-04-20 19:18:35.173768,162,8
2021-04-20 19:19:35.173768,215,4
2021-04-20 19:20:35.173768,141,2
2021-04-20 19:21:35.173768,58,3
2021-04-20 19:22:35.173768,137,1
2021-04-20 19:23:35.173768,133,9
2021-04-20 19:24:35.173768,15,1
2021-04-20 19:25:35.173768,124,5
2021-04-20 19:26:35.173768,36,6
2021-04-20 19:27:35.173768,48,7
2021-04-20 19:28:35.173768,152,10
2021-04-20 19:29:35.173768,46,2
2021-04-20 19:30:35.173768,23,9
2021-04-20 19:31:35.173768,38,4
2021-04-20 19:32:35.173768,45,9
2021-04-20 19:33:35.173768,27,5
2021-04-20 19:34:35.173768,176,9
2021-04-20 19:35:35.173768,74,3
2021-04-20 19:36:35.173768,96,1
2021-04-20 19:37:35.173768,141,2
2021-04-20 19:38:35.173768,24,5
2021-04-20 19:39:35.173768,54,6
2021-04-20 19:40:35.173768,8,1
2021-04-20 19:41:35.173768,80,10
2021-04-20 19:42:35.173768,128,9
2021-04-20 19:43:35.173768,198,4
2021-04-20 19:44:35.173768,98,6
2021-04-20 19:45:35.173768,63,4
2021-04-20 19:46:35.173768,201,10
2021-04-20 19:47:35.173768,161,1
2021-04-20 19:48:35.173768,121,2
2021-04-20 19:49:35.173768,193,8
2021-04-20 19:50:35.173768,34,2
2021-04-20 19:51:35.173768,67,10
2021-04-20 19:52:35.173768,140,7
2021-04-20 19:53:35.173768,173,7
2021-04-20 19:54:35.173768,132,5
2021-04-20 19:55:35.173768,84,2
2021-04-20 19:56:35.173768,64,1
2021-04-20 19:57:35.173768,124,4
2021-04-20 19:58:35.173768,44,8
2021-04-20 19:59:35.173768,83,7
2021-04-20 20:00:35.173768,137,10
2021-04-20 20:01:35.173768,192,1
2021-04-20 20:02:35.173768,87,3
2021-04-20 20:03:35.173768,35,10
2021-04-20 20:04:35.173768,140,6
2021-04-20 20:05:35.173768,111,2
2021-04-20 20:06:35.173768,134,7
2021-04-20 20:07:35.173768,55,8
2021-04-20 20:08:35.173768,77,4
2021-04-20 20:09:35.173768,18,9
2021-04-20 20:10:35.173768,69,8
2021-04-20 20:11:35.173768,194,9
2021-04-20 20:12:35.173768,184,4
2021-04-20 20:13:35.173768,202,10
2021-04-20 20:14:35.173768,28,10
2021-04-20 20:15:35.173768,213,8
2021-04-20 20:16:35.173768,162,10
2021-04-20 20:17:35.173768,109,9
2021-04-20 20:18:35.173768,160,9
2021-04-20 20:19:35.173768,55,10
2021-04-20 20:20:35.173768,32,4
2021-04-20 20:21:35.173768,191,7
2021-04-20 20:22:35.173768,164,9
2021-04-20 20:23:35.173768,26,7
2021-04-20 20:24:35.173768,131,10
2021-04-20 20:25:35.173768,86,6
2021-04-20 20:26:35.173768,119,4
2021-04-20 20:27:35.173768,115,3
2021-04-20 20:28:35.173768,23,6
2021-04-20 20:29:35.173768,174,6
2021-04-20 20:30:35.173768,202,5
2021-04-20 20:31:35.173768,73,9
2021-04-20 20:32:35.173768,34,2
2021-04-20 20:33:35.173768,124,5
2021-04-20 20:34:35.173768,135,9
2021-04-20 20:35:35.173768,218,5
2021-04-20 20:36:35.173768,112,10
2021-04-20 20:37:35.173768,180,8
2021-04-20 20:38:35.173768,63,5
2021-04-20 20:39:35.173768,150,1
2021-04-20 20:40:35.173768,59,10
2021-04-20 20:41:35.173768,29,10
2021-04-20 20:42:35.173768,42,1
2021-04-20 20:43:35.173768,194,2
2021-04-20 20:44:35.173768,54,1
2021-04-20 20:45:35.173768,5,3
2021-04-20 20:46:35.173768,76,4
2021-04-20 20:47:35.173768,129,5
2021-04-20 20:48:35.173768,45,8
2021-04-20 20:49:35.173768,106,6
2021-04-20 20:50:35.173768,202,3
2021-04-20 20:51:35.173768,79,4
2021-04-20 20:52:35.173768,148,9
2021-04-20 20:53:35.173768,215,3
2021-04-20 20:54:35.173768,116,8
2021-04-20 20:55:35.173768,144,7
2021-04-20 20:56:35.173768,143,4
2021-04-20 20:57:35.173768,23,10
2021-04-20 20:58:35.173768,7,8
2021-04-20 20:59:35.173768,121,7
2021-04-20 21:00:35.173768,161,4
2021-04-20 21:01:35.173768,211,2
2021-04-20 21:02:35.173768,44,4
2021-04-20 21:03:35.173768,63,1
2021-04-20 21:04:35.173768,113,10
2021-04-20 21:05:35.173768,81,6
2021-04-20 21:06:35.173768,165,6
2021-04-20 21:07:35.173768,191,2
2021-04-20 21:08:35.173768,76,3
2021-04-20 21:09:35.173768,76,6
2021-04-20 21:10:35.173768,115,2
2021-04-20 21:11:35.173768,30,6
2021-04-20 21:12:35.173768,204,1
2021-04-20 21:13:35.173768,115,3
2021-04-20 21:14:35.173768,98,8
2021-04-20 21:15:35.173768,69,9
2021-04-20 21:16:35.173768,131,9
2021-04-20 21:17:35.173768,110,3
2021-04-20 21:18:35.173768,211,3
2021-04-20 21:19:35.173768,6,7
2021-04-20 21:20:35.173768,93,5
2021-04-20 21:21:35.173768,120,7
2021-04-20 21:22:35.173768,207,1
2021-04-20 21:23:35.173768,136,7
2021-04-20 21:24:35.173768,209,2
2021-04-20 21:25:35.173768,198,7
2021-04-20 21:26:35.173768,215,8
2021-04-20 21:27:35.173768,133,2
2021-04-20 21:28:35.173768,43,3
2021-04-20 21:29:35.173768,148,4
2021-04-20 21:30:35.173768,23,3
2021-04-20 21:31:35.173768,43,8
2021-04-20 21:32:35.173768,217,9
2021-04-20 21:33:35.173768,137,2
2021-04-20 21:34:35.173768,114,5
2021-04-20 21:35:35.173768,134,10
2021-04-20 21:36:35.173768,43,10
2021-04-20 21:37:35.173768,142,3
2021-04-20 21:38:35.173768,173,7
2021-04-20 21:39:35.173768,53,10
2021-04-20 21:40:35.173768,197,10
2021-04-20 21:41:35.173768,62,10
2021-04-20 21:42:35.173768,81,3
2021-04-20 21:43:35.173768,139,2
2021-04-20 21:44:35.173768,114,7
2021-04-20 21:45:35.173768,72,1
2021-04-20 21:46:35.173768,38,7
2021-04-20 21:47:35.173768,123,9
2021-04-20 21:48:35.173768,82,2
2021-04-20 21:49:35.173768,114,6
2021-04-20 21:50:35.173768,29,2
2021-04-20 21:51:35.173768,41,7
2021-04-20 21:52:35.173768,51,8
2021-04-20 21:53:35.173768,62,5
2021-04-20 21:54:35.173768,141,4
2021-04-20 21:55:35.173768,4,5
2021-04-20 21:56:35.173768,201,7
2021-04-20 21:57:35.173768,148,8
2021-04-20 21:58:35.173768,90,10
2021-04-20 21:59:35.173768,194,6
2021-04-20 22:00:35.173768,142,5
2021-04-20 22:01:35.173768,141,7
2021-04-20 22:02:35.173768,131,3
2021-04-20 22:03:35.173768,212,1
2021-04-20 22:04:35.173768,109,1
2021-04-20 22:05:35.173768,41,4
2021-04-20 22:06:35.173768,87,2
2021-04-20 22:07:35.173768,122,4
2021-04-20 22:08:35.173768,32,6
2021-04-20 22:09:35.173768,57,10
2021-04-20 22:10:35.173768,113,4
2021-04-20 22:11:35.173768,73,8
2021-04-20 22:12:35.173768,40,4
2021-04-20 22:13:35.173768,144,3
2021-04-20 22:14:35.173768,6,7
2021-04-20 22:15:35.173768,82,5
2021-04-20 22:16:35.173768,18,9
2021-04-20 22:17:35.173768,144,6
2021-04-20 22:18:35.173768,23,2
2021-04-20 22:19:35.173768,130,5
2021-04-20 22:20:35.173768,189,7
2021-04-20 22:21:35.173768,81,5
2021-04-20 22:22:35.173768,43,10
2021-04-20 22:23:35.173768,145,2
2021-04-20 22:24:35.173768,142,4
2021-04-20 22:25:35.173768,10,8
2021-04-20 22:26:35.173768,156,1
2021-04-20 22:27:35.173768,54,1
2021-04-20 22:28:35.173768,190,10
2021-04-20 22:29:35.173768,127,3
2021-04-20 22:30:35.173768,174,4
2021-04-20 22:31:35.173768,205,7
2021-04-20 22:32:35.173768,92,3
2021-04-20 22:33:35.173768,186,5
2021-04-20 22:34:35.173768,177,7
2021-04-20 22:35:35.173768,171,2
2021-04-20 22:36:35.173768,114,2
2021-04-20 22:37:35.173768,143,10
2021-04-20 22:38:35.173768,85,4
2021-04-20 22:39:35.173768,166,3
2021-04-20 22:40:35.173768,80,3
2021-04-20 22:41:35.173768,69,10
2021-04-20 22:42:35.173768,214,4
2021-04-20 22:43:35.173768,10,5
2021-04-20 22:44:35.173768,21,10
2021-04-20 22:45:35.173768,144,7
2021-04-20 22:46:35.173768,66,3
2021-04-20 22:47:35.173768,2,7
2021-04-20 22:48:35.173768,74,9
2021-04-20 22:49:35.173768,70,2
2021-04-20 22:50:35.173768,1,8
2021-04-20 22:51:35.173768,108,8
2021-04-20 22:52:35.173768,56,10
2021-04-20 22:53:35.173768,46,3
2021-04-20 22:54:35.173768,133,8
2021-04-20 22:55:35.173768,22,3
2021-04-20 22:56:35.173768,214,5
2021-04-20 22:57:35.173768,81,6
2021-04-20 22:58:35.173768,203,1
2021-04-20 22:59:35.173768,36,2
2021-04-20 23:00:35.173768,153,9
2021-04-20 23:01:35.173768,59,10
2021-04-20 23:02:35.173768,162,4
2021-04-20 23:03:35.173768,203,5
2021-04-20 23:04:35.173768,121,6
2021-04-20 23:05:35.173768,211,9
2021-04-20 23:06:35.173768,202,7
2021-04-20 23:07:35.173768,3,5
2021-04-20 23:08:35.173768,186,9
2021-04-20 23:09:35.173768,175,7
2021-04-20 23:10:35.173768,58,6
2021-04-20 23:11:35.173768,159,3
2021-04-20 23:12:35.173768,216,3
2021-04-20 23:13:35.173768,170,6
2021-04-20 23:14:35.173768,172,1
2021-04-20 23:15:35.173768,6,3
2021-04-20 23:16:35.173768,196,8
2021-04-20 23:17:35.173768,99,3
2021-04-20 23:18:35.173768,205,10
2021-04-20 23:19:35.173768,19,3
2021-04-20 23:20:35.173768,199,10
2021-04-20 23:21:35.173768,202,3
2021-04-20 23:22:35.173768,70,9
2021-04-20 23:23:35.173768,130,6
2021-04-20 23:24:35.173768,188,1
2021-04-20 23:25:35.173768,134,1
2021-04-20 23:26:35.173768,72,4
2021-04-20 23:27:35.173768,66,3
2021-04-20 23:28:35.173768,69,3
2021-04-20 23:29:35.173768,37,9
2021-04-20 23:30:35.173768,6,6
2021-04-20 23:31:35.173768,132,3
2021-04-20 23:32:35.173768,145,10
2021-04-20 23:33:35.173768,1,5
2021-04-20 23:34:35.173768,90,10
2021-04-20 23:35:35.173768,25,7
2021-04-20 23:36:35.173768,193,7
2021-04-20 23:37:35.173768,28,5
2021-04-20 23:38:35.173768,110,1
2021-04-20 23:39:35.173768,40,3
2021-04-20 23:40:35.173768,136,7
2021-04-20 23:41:35.173768,104,7
2021-04-20 23:42:35.173768,173,9
2021-04-20 23:43:35.173768,110,9
2021-04-20 23:44:35.173768,195,10
2021-04-20 23:45:35.173768,123,5
2021-04-20 23:46:35.173768,36,8
2021-04-20 23:47:35.173768,120,8
2021-04-20 23:48:35.173768,21,10
2021-04-20 23:49:35.173768,185,1
2021-04-20 23:50:35.173768,130,3
2021-04-20 23:51:35.173768,196,3
2021-04-20 23:52:35.173768,149,4
2021-04-20 23:53:35.173768,58,8
2021-04-20 23:54:35.173768,6,1
2021-04-20 23:55:35.173768,5,2
2021-04-20 23:56:35.173768,167,6
2021-04-20 23:57:35.173768,71,9
2021-04-20 23:58:35.173768,23,8
2021-04-20 23:59:35.173768,103,2
2021-04-21 00:00:35.173768,85,5
2021-04-21 00:01:35.173768,70,4
2021-04-21 00:02:35.173768,99,9
2021-04-21 00:03:35.173768,205,7
2021-04-21 00:04:35.173768,163,4
2021-04-21 00:05:35.173768,132,8
2021-04-21 00:06:35.173768,144,10
2021-04-21 00:07:35.173768,185,4
2021-04-21 00:08:35.173768,134,3
2021-04-21 00:09:35.173768,6,10
2021-04-21 00:10:35.173768,104,7
2021-04-21 00:11:35.173768,121,2
2021-04-21 00:12:35.173768,65,2
2021-04-21 00:13:35.173768,95,8
2021-04-21 00:14:35.173768,46,6
2021-04-21 00:15:35.173768,81,5
2021-04-21 00:16:35.173768,204,6
2021-04-21 00:17:35.173768,81,8
2021-04-21 00:18:35.173768,126,10
2021-04-21 00:19:35.173768,165,1
2021-04-21 00:20:35.173768,28,1
2021-04-21 00:21:35.173768,118,3
2021-04-21 00:22:35.173768,209,9
2021-04-21 00:23:35.173768,21,9
2021-04-21 00:24:35.173768,38,8
2021-04-21 00:25:35.173768,35,4
2021-04-21 00:26:35.173768,122,10
2021-04-21 00:27:35.173768,87,10
2021-04-21 00:28:35.173768,150,1
2021-04-21 00:29:35.173768,129,5
2021-04-21 00:30:35.173768,122,5
2021-04-21 00:31:35.173768,100,7
2021-04-21 00:32:35.173768,53,9
2021-04-21 00:33:35.173768,201,6
2021-04-21 00:34:35.173768,122,2
2021-04-21 00:35:35.173768,174,9
2021-04-21 00:36:35.173768,24,6
2021-04-21 00:37:35.173768,160,8
2021-04-21 00:38:35.173768,39,8
2021-04-21 00:39:35.173768,164,5
2021-04-21 00:40:35.173768,158,4
2021-04-21 00:41:35.173768,60,8
2021-04-21 00:42:35.173768,63,5
2021-04-21 00:43:35.173768,102,2
2021-04-21 00:44:35.173768,88,5
2021-04-21 00:45:35.173768,28,1
2021-04-21 00:46:35.173768,76,8
2021-04-21 00:47:35.173768,118,8
2021-04-21 00:48:35.173768,157,5
2021-04-21 00:49:35.173768,193,3
2021-04-21 00:50:35.173768,193,4
2021-04-21 00:51:35.173768,67,1
2021-04-21 00:52:35.173768,196,1
2021-04-21 00:53:35.173768,128,4
2021-04-21 00:54:35.173768,208,4
2021-04-21 00:55:35.173768,163,8
2021-04-21 00:56:35.173768,116,9
2021-04-21 00:57:35.173768,175,6
2021-04-21 00:58:35.173768,38,1
2021-04-21 00:59:35.173768,173,7
2021-04-21 01:00:35.173768,22,9
2021-04-21 01:01:35.173768,7,6
2021-04-21 01:02:35.173768,181,1
2021-04-21 01:03:35.173768,11,5
2021-04-21 01:04:35.173768,7,2
2021-04-21 01:05:35.173768,31,10
2021-04-21 01:06:35.173768,80,3
2021-04-21 01:07:35.173768,120,6
2021-04-21 01:08:35.173768,157,4
2021-04-21 01:09:35.173768,156,4
2021-04-21 01:10:35.173768,203,2
2021-04-21 01:11:35.173768,44,3
2021-04-21 01:12:35.173768,173,7
2021-04-21 01:13:35.173768,154,10
2021-04-21 01:14:35.173768,55,7
2021-04-21 01:15:35.173768,121,10
2021-04-21 01:16:35.173768,4,3
2021-04-21 01:17:35.173768,125,4
2021-04-21 01:18:35.173768,209,9
2021-04-21 01:19:35.173768,174,4
2021-04-21 01:20:35.173768,134,6
2021-04-21 01:21:35.173768,102,3
2021-04-21 01:22:35.173768,64,7
2021-04-21 01:23:35.173768,125,6
2021-04-21 01:24:35.173768,122,8
2021-04-21 01:25:35.173768,22,1
2021-04-21 01:26:35.173768,120,6
2021-04-21 01:27:35.173768,35,4
2021-04-21 01:28:35.173768,137,8
2021-04-21 01:29:35.173768,126,5
2021-04-21 01:30:35.173768,129,8
2021-04-21 01:31:35.173768,2,5
2021-04-21 01:32:35.173768,60,5
2021-04-21 01:33:35.173768,51,3
2021-04-21 01:34:35.173768,155,2
2021-04-21 01:35:35.173768,88,8
2021-04-21 01:36:35.173768,195,1
2021-04-21 01:37:35.173768,177,2
2021-04-21 01:38:35.173768,110,10
2021-04-21 01:39:35.173768,11,2
2021-04-21 01:40:35.173768,45,8
2021-04-21 01:41:35.173768,217,8
2021-04-21 01:42:35.173768,2,4
2021-04-21 01:43:35.173768,53,10
2021-04-21 01:44:35.173768,77,2
2021-04-21 01:45:35.173768,201,5
2021-04-21 01:46:35.173768,114,8
2021-04-21 01:47:35.173768,183,3
2021-04-21 01:48:35.173768,195,1
2021-04-21 01:49:35.173768,112,6
2021-04-21 01:50:35.173768,97,10
2021-04-21 01:51:35.173768,191,4
2021-04-21 01:52:35.173768,134,10
2021-04-21 01:53:35.173768,31,6
2021-04-21 01:54:35.173768,195,1
2021-04-21 01:55:35.173768,86,9
2021-04-21 01:56:35.173768,189,8
2021-04-21 01:57:35.173768,59,3
2021-04-21 01:58:35.173768,53,2
2021-04-21 01:59:35.173768,141,6
2021-04-21 02:00:35.173768,74,7
2021-04-21 02:01:35.173768,206,3
2021-04-21 02:02:35.173768,69,10
2021-04-21 02:03:35.173768,50,2
2021-04-21 02:04:35.173768,136,5
2021-04-21 02:05:35.173768,55,6
2021-04-21 02:06:35.173768,92,3
2021-04-21 02:07:35.173768,173,7
2021-04-21 02:08:35.173768,170,8
2021-04-21 02:09:35.173768,16,10
2021-04-21 02:10:35.173768,34,3
2021-04-21 02:11:35.173768,47,1
2021-04-21 02:12:35.173768,198,8
2021-04-21 02:13:35.173768,44,9
2021-04-21 02:14:35.173768,7,5
2021-04-21 02:15:35.173768,130,7
2021-04-21 02:16:35.173768,32,10
2021-04-21 02:17:35.173768,203,2
2021-04-21 02:18:35.173768,103,10
2021-04-21 02:19:35.173768,212,8
2021-04-21 02:20:35.173768,211,10
2021-04-21 02:21:35.173768,199,7
2021-04-21 02:22:35.173768,94,2
2021-04-21 02:23:35.173768,24,9
2021-04-21 02:24:35.173768,134,8
2021-04-21 02:25:35.173768,191,4
2021-04-21 02:26:35.173768,157,2
2021-04-21 02:27:35.173768,89,10
2021-04-21 02:28:35.173768,64,5
2021-04-21 02:29:35.173768,24,3
2021-04-21 02:30:35.173768,102,10
2021-04-21 02:31:35.173768,98,7
2021-04-21 02:32:35.173768,162,1
2021-04-21 02:33:35.173768,108,3
2021-04-21 02:34:35.173768,90,5
2021-04-21 02:35:35.173768,215,5
2021-04-21 02:36:35.173768,149,3
2021-04-21 02:37:35.173768,9,6
2021-04-21 02:38:35.173768,114,10
2021-04-21 02:39:35.173768,200,4
2021-04-21 02:40:35.173768,13,5
2021-04-21 02:41:35.173768,43,9
2021-04-21 02:42:35.173768,123,2
2021-04-21 02:43:35.173768,66,5
2021-04-21 02:44:35.173768,155,8
2021-04-21 02:45:35.173768,201,6
2021-04-21 02:46:35.173768,62,2
2021-04-21 02:47:35.173768,38,9
2021-04-21 02:48:35.173768,209,8
2021-04-21 02:49:35.173768,157,7
2021-04-21 02:50:35.173768,25,5
2021-04-21 02:51:35.173768,219,10
2021-04-21 02:52:35.173768,94,9
2021-04-21 02:53:35.173768,117,1
2021-04-21 02:54:35.173768,53,6
2021-04-21 02:55:35.173768,158,3
2021-04-21 02:56:35.173768,11,7
2021-04-21 02:57:35.173768,194,8
2021-04-21 02:58:35.173768,176,5
2021-04-21 02:59:35.173768,91,3
2021-04-21 03:00:35.173768,100,3
2021-04-21 03:01:35.173768,8,1
2021-04-21 03:02:35.173768,199,2
2021-04-21 03:03:35.173768,155,5
2021-04-21 03:04:35.173768,150,10
2021-04-21 03:05:35.173768,112,8
2021-04-21 03:06:35.173768,209,2
2021-04-21 03:07:35.173768,21,2
2021-04-21 03:08:35.173768,119,10
2021-04-21 03:09:35.173768,186,5
2021-04-21 03:10:35.173768,121,4
2021-04-21 03:11:35.173768,174,7
2021-04-21 03:12:35.173768,192,3
2021-04-21 03:13:35.173768,35,3
2021-04-21 03:14:35.173768,52,1
2021-04-21 03:15:35.173768,155,8
2021-04-21 03:16:35.173768,209,5
2021-04-21 03:17:35.173768,118,3
2021-04-21 03:18:35.173768,9,8
2021-04-21 03:19:35.173768,76,4
2021-04-21 03:20:35.173768,208,1
2021-04-21 03:21:35.173768,165,4
2021-04-21 03:22:35.173768,205,2
2021-04-21 03:23:35.173768,3,1
2021-04-21 03:24:35.173768,162,10
2021-04-21 03:25:35.173768,220,4
2021-04-21 03:26:35.173768,47,4
2021-04-21 03:27:35.173768,181,1
2021-04-21 03:28:35.173768,49,7
2021-04-21 03:29:35.173768,23,5
2021-04-21 03:30:35.173768,109,1
2021-04-21 03:31:35.173768,193,3
2021-04-21 03:32:35.173768,95,1
2021-04-21 03:33:35.173768,186,6
2021-04-21 03:34:35.173768,181,10
2021-04-21 03:35:35.173768,61,4
2021-04-21 03:36:35.173768,55,9
2021-04-21 03:37:35.173768,180,8
2021-04-21 03:38:35.173768,171,10
2021-04-21 03:39:35.173768,146,4
2021-04-21 03:40:35.173768,63,10
2021-04-21 03:41:35.173768,166,8
2021-04-21 03:42:35.173768,217,4
2021-04-21 03:43:35.173768,160,9
2021-04-21 03:44:35.173768,130,4
2021-04-21 03:45:35.173768,208,1
2021-04-21 03:46:35.173768,40,4
2021-04-21 03:47:35.173768,148,4
2021-04-21 03:48:35.173768,172,10
2021-04-21 03:49:35.173768,59,1
2021-04-21 03:50:35.173768,85,8
2021-04-21 03:51:35.173768,117,7
2021-04-21 03:52:35.173768,51,2
2021-04-21 03:53:35.173768,127,8
2021-04-21 03:54:35.173768,111,8
2021-04-21 03:55:35.173768,123,6
2021-04-21 03:56:35.173768,8,8
2021-04-21 03:57:35.173768,59,8
2021-04-21 03:58:35.173768,116,4
2021-04-21 03:59:35.173768,102,1
2021-04-21 04:00:35.173768,52,9
2021-04-21 04:01:35.173768,158,10
2021-04-21 04:02:35.173768,90,2
2021-04-21 04:03:35.173768,124,9
2021-04-21 04:04:35.173768,138,9
2021-04-21 04:05:35.173768,49,9
2021-04-21 04:06:35.173768,154,9
2021-04-21 04:07:35.173768,36,10
2021-04-21 04:08:35.173768,91,9
2021-04-21 04:09:35.173768,34,9
2021-04-21 04:10:35.173768,58,7
2021-04-21 04:11:35.173768,197,3
2021-04-21 04:12:35.173768,133,8
2021-04-21 04:13:35.173768,139,7
2021-04-21 04:14:35.173768,6,8
2021-04-21 04:15:35.173768,12,8
2021-04-21 04:16:35.173768,126,2
2021-04-21 04:17:35.173768,142,7
2021-04-21 04:18:35.173768,185,7
2021-04-21 04:19:35.173768,140,10
2021-04-21 04:20:35.173768,128,3
2021-04-21 04:21:35.173768,87,4
2021-04-21 04:22:35.173768,79,4
2021-04-21 04:23:35.173768,109,3
2021-04-21 04:24:35.173768,47,8
2021-04-21 04:25:35.173768,197,8
2021-04-21 04:26:35.173768,143,8
2021-04-21 04:27:35.173768,114,1
2021-04-21 04:28:35.173768,128,4
2021-04-21 04:29:35.173768,150,9
2021-04-21 04:30:35.173768,152,6
2021-04-21 04:31:35.173768,168,2
2021-04-21 04:32:35.173768,18,1
2021-04-21 04:33:35.173768,132,5
2021-04-21 04:34:35.173768,91,1
2021-04-21 04:35:35.173768,166,10
2021-04-21 04:36:35.173768,111,10
2021-04-21 04:37:35.173768,189,7
2021-04-21 04:38:35.173768,167,9
2021-04-21 04:39:35.173768,141,7
2021-04-21 04:40:35.173768,19,8
2021-04-21 04:41:35.173768,193,4
2021-04-21 04:42:35.173768,46,2
2021-04-21 04:43:35.173768,208,4
2021-04-21 04:44:35.173768,142,1
2021-04-21 04:45:35.173768,154,7
2021-04-21 04:46:35.173768,207,4
2021-04-21 04:47:35.173768,58,5
2021-04-21 04:48:35.173768,34,7
2021-04-21 04:49:35.173768,78,8
2021-04-21 04:50:35.173768,110,3
2021-04-21 04:51:35.173768,7,10
2021-04-21 04:52:35.173768,68,8
2021-04-21 04:53:35.173768,65,8
2021-04-21 04:54:35.173768,47,2
2021-04-21 04:55:35.173768,36,4
2021-04-21 04:56:35.173768,152,3
2021-04-21 04:57:35.173768,105,9
2021-04-21 04:58:35.173768,203,5
2021-04-21 04:59:35.173768,134,4
2021-04-21 05:00:35.173768,166,1
2021-04-21 05:01:35.173768,55,2
2021-04-21 05:02:35.173768,91,5
2021-04-21 05:03:35.173768,216,8
2021-04-21 05:04:35.173768,99,4
2021-04-21 05:05:35.173768,70,7
2021-04-21 05:06:35.173768,165,9
2021-04-21 05:07:35.173768,188,7
2021-04-21 05:08:35.173768,83,7
2021-04-21 05:09:35.173768,93,3
2021-04-21 05:10:35.173768,63,2
2021-04-21 05:11:35.173768,64,5
2021-04-21 05:12:35.173768,136,5
2021-04-21 05:13:35.173768,129,8
2021-04-21 05:14:35.173768,193,9
2021-04-21 05:15:35.173768,192,8
2021-04-21 05:16:35.173768,178,5
2021-04-21 05:17:35.173768,139,2
2021-04-21 05:18:35.173768,2,5
2021-04-21 05:19:35.173768,42,7
2021-04-21 05:20:35.173768,77,9
2021-04-21 05:21:35.173768,49,5
2021-04-21 05:22:35.173768,186,8
2021-04-21 05:23:35.173768,123,8
2021-04-21 05:24:35.173768,105,5
2021-04-21 05:25:35.173768,19,8
2021-04-21 05:26:35.173768,169,4
2021-04-21 05:27:35.173768,112,2
2021-04-21 05:28:35.173768,152,7
2021-04-21 05:29:35.173768,201,7
2021-04-21 05:30:35.173768,76,6
2021-04-21 05:31:35.173768,10,3
2021-04-21 05:32:35.173768,14,6
2021-04-21 05:33:35.173768,23,6
2021-04-21 05:34:35.173768,54,2
2021-04-21 05:35:35.173768,13,4
2021-04-21 05:36:35.173768,103,1
2021-04-21 05:37:35.173768,220,9
2021-04-21 05:38:35.173768,156,6
2021-04-21 05:39:35.173768,64,3
2021-04-21 05:40:35.173768,177,3
2021-04-21 05:41:35.173768,220,8
2021-04-21 05:42:35.173768,75,3
2021-04-21 05:43:35.173768,196,6
2021-04-21 05:44:35.173768,49,10
2021-04-21 05:45:35.173768,48,9
2021-04-21 05:46:35.173768,163,2
2021-04-21 05:47:35.173768,215,8
2021-04-21 05:48:35.173768,165,4
2021-04-21 05:49:35.173768,73,9
2021-04-21 05:50:35.173768,15,6
2021-04-21 05:51:35.173768,125,4
2021-04-21 05:52:35.173768,72,9
2021-04-21 05:53:35.173768,67,8
2021-04-21 05:54:35.173768,35,3
2021-04-21 05:55:35.173768,137,8
2021-04-21 05:56:35.173768,12,8
2021-04-21 05:57:35.173768,124,5
2021-04-21 05:58:35.173768,82,4
2021-04-21 05:59:35.173768,214,3
2021-04-21 06:00:35.173768,46,9
2021-04-21 06:01:35.173768,44,9
2021-04-21 06:02:35.173768,10,1
2021-04-21 06:03:35.173768,55,3
2021-04-21 06:04:35.173768,219,7
2021-04-21 06:05:35.173768,181,3
2021-04-21 06:06:35.173768,62,8
2021-04-21 06:07:35.173768,190,5
2021-04-21 06:08:35.173768,209,1
2021-04-21 06:09:35.173768,181,7
2021-04-21 06:10:35.173768,108,6
2021-04-21 06:11:35.173768,167,8
2021-04-21 06:12:35.173768,23,8
2021-04-21 06:13:35.173768,28,4
2021-04-21 06:14:35.173768,204,3
2021-04-21 06:15:35.173768,157,1
2021-04-21 06:16:35.173768,61,8
2021-04-21 06:17:35.173768,6,4
2021-04-21 06:18:35.173768,14,2
2021-04-21 06:19:35.173768,23,8
2021-04-21 06:20:35.173768,167,1
2021-04-21 06:21:35.173768,135,6
2021-04-21 06:22:35.173768,70,5
2021-04-21 06:23:35.173768,29,3
2021-04-21 06:24:35.173768,71,2
2021-04-21 06:25:35.173768,30,6
2021-04-21 06:26:35.173768,180,10
2021-04-21 06:27:35.173768,204,2
2021-04-21 06:28:35.173768,7,3
2021-04-21 06:29:35.173768,205,5
2021-04-21 06:30:35.173768,72,7
2021-04-21 06:31:35.173768,208,5
2021-04-21 06:32:35.173768,24,4
2021-04-21 06:33:35.173768,134,7
2021-04-21 06:34:35.173768,35,4
2021-04-21 06:35:35.173768,119,5
2021-04-21 06:36:35.173768,185,10
2021-04-21 06:37:35.173768,72,5
2021-04-21 06:38:35.173768,28,7
2021-04-21 06:39:35.173768,193,2
2021-04-21 06:40:35.173768,7,10
2021-04-21 06:41:35.173768,211,10
2021-04-21 06:42:35.173768,148,8
2021-04-21 06:43:35.173768,149,4
2021-04-21 06:44:35.173768,198,3
2021-04-21 06:45:35.173768,165,3
2021-04-21 06:46:35.173768,73,4
2021-04-21 06:47:35.173768,184,7
2021-04-21 06:48:35.173768,49,9
2021-04-21 06:49:35.173768,64,10
2021-04-21 06:50:35.173768,220,2
2021-04-21 06:51:35.173768,17,6
2021-04-21 06:52:35.173768,35,1
2021-04-21 06:53:35.173768,152,8
2021-04-21 06:54:35.173768,179,6
2021-04-21 06:55:35.173768,142,3
2021-04-21 06:56:35.173768,57,7
2021-04-21 06:57:35.173768,117,10
2021-04-21 06:58:35.173768,12,1
2021-04-21 06:59:35.173768,206,2
2021-04-21 07:00:35.173768,144,9
2021-04-21 07:01:35.173768,181,2
2021-04-21 07:02:35.173768,144,10
2021-04-21 07:03:35.173768,188,10
2021-04-21 07:04:35.173768,122,9
2021-04-21 07:05:35.173768,102,6
2021-04-21 07:06:35.173768,112,7
2021-04-21 07:07:35.173768,71,2
2021-04-21 07:08:35.173768,155,4
2021-04-21 07:09:35.173768,144,9
2021-04-21 07:10:35.173768,146,10
2021-04-21 07:11:35.173768,86,10
2021-04-21 07:12:35.173768,107,6
2021-04-21 07:13:35.173768,91,3
2021-04-21 07:14:35.173768,40,6
2021-04-21 07:15:35.173768,32,1
2021-04-21 07:16:35.173768,104,5
2021-04-21 07:17:35.173768,80,1
2021-04-21 07:18:35.173768,16,4
2021-04-21 07:19:35.173768,80,4
2021-04-21 07:20:35.173768,188,8
2021-04-21 07:21:35.173768,214,5
2021-04-21 07:22:35.173768,141,10
2021-04-21 07:23:35.173768,113,2
2021-04-21 07:24:35.173768,89,8
2021-04-21 07:25:35.173768,30,6
2021-04-21 07:26:35.173768,154,6
2021-04-21 07:27:35.173768,178,1
2021-04-21 07:28:35.173768,139,1
2021-04-21 07:29:35.173768,156,2
2021-04-21 07:30:35.173768,95,3
2021-04-21 07:31:35.173768,29,9
2021-04-21 07:32:35.173768,60,2
2021-04-21 07:33:35.173768,133,3
2021-04-21 07:34:35.173768,65,3
2021-04-21 07:35:35.173768,68,2
2021-04-21 07:36:35.173768,115,4
2021-04-21 07:37:35.173768,18,2
2021-04-21 07:38:35.173768,216,7
2021-04-21 07:39:35.173768,89,1
2021-04-21 07:40:35.173768,183,10
2021-04-21 07:41:35.173768,147,2
2021-04-21 07:42:35.173768,149,10
2021-04-21 07:43:35.173768,64,9
2021-04-21 07:44:35.173768,184,10
2021-04-21 07:45:35.173768,160,3
2021-04-21 07:46:35.173768,206,2
2021-04-21 07:47:35.173768,197,7
2021-04-21 07:48:35.173768,19,1
2021-04-21 07:49:35.173768,164,6
2021-04-21 07:50:35.173768,77,6
2021-04-21 07:51:35.173768,174,8
2021-04-21 07:52:35.173768,27,10
2021-04-21 07:53:35.173768,128,7
2021-04-21 07:54:35.173768,161,5
2021-04-21 07:55:35.173768,42,10
2021-04-21 07:56:35.173768,170,2
2021-04-21 07:57:35.173768,137,2
2021-04-21 07:58:35.173768,133,4
2021-04-21 07:59:35.173768,131,1
2021-04-21 08:00:35.173768,112,7
2021-04-21 08:01:35.173768,192,10
2021-04-21 08:02:35.173768,156,9
2021-04-21 08:03:35.173768,110,5
2021-04-21 08:04:35.173768,47,7
2021-04-21 08:05:35.173768,71,7
2021-04-21 08:06:35.173768,60,6
2021-04-21 08:07:35.173768,22,2
2021-04-21 08:08:35.173768,206,4
2021-04-21 08:09:35.173768,87,6
2021-04-21 08:10:35.173768,191,9
2021-04-21 08:11:35.173768,42,10
2021-04-21 08:12:35.173768,216,8
2021-04-21 08:13:35.173768,130,2
2021-04-21 08:14:35.173768,31,7
2021-04-21 08:15:35.173768,6,3
2021-04-21 08:16:35.173768,6,3
2021-04-21 08:17:35.173768,193,2
2021-04-21 08:18:35.173768,162,10
2021-04-21 08:19:35.173768,212,3
2021-04-21 08:20:35.173768,100,6
2021-04-21 08:21:35.173768,116,4
2021-04-21 08:22:35.173768,85,6
2021-04-21 08:23:35.173768,83,3
2021-04-21 08:24:35.173768,122,10
2021-04-21 08:25:35.173768,124,5
2021-04-21 08:26:35.173768,66,9
2021-04-21 08:27:35.173768,110,3
2021-04-21 08:28:35.173768,83,5
2021-04-21 08:29:35.173768,93,3
2021-04-21 08:30:35.173768,87,7
2021-04-21 08:31:35.173768,110,4
2021-04-21 08:32:35.173768,205,2
2021-04-21 08:33:35.173768,178,8
2021-04-21 08:34:35.173768,71,9
2021-04-21 08:35:35.173768,41,6
2021-04-21 08:36:35.173768,107,10
2021-04-21 08:37:35.173768,18,3
2021-04-21 08:38:35.173768,152,10
2021-04-21 08:39:35.173768,116,9
2021-04-21 08:40:35.173768,121,6
2021-04-21 08:41:35.173768,99,7
2021-04-21 08:42:35.173768,213,1
2021-04-21 08:43:35.173768,123,8
2021-04-21 08:44:35.173768,168,2
2021-04-21 08:45:35.173768,170,4
2021-04-21 08:46:35.173768,217,5
2021-04-21 08:47:35.173768,4,3
2021-04-21 08:48:35.173768,1,7
2021-04-21 08:49:35.173768,162,2
2021-04-21 08:50:35.173768,69,2
2021-04-21 08:51:35.173768,151,1
2021-04-21 08:52:35.173768,162,10
2021-04-21 08:53:35.173768,218,8
2021-04-21 08:54:35.173768,16,8
2021-04-21 08:55:35.173768,107,1
2021-04-21 08:56:35.173768,8,7
2021-04-21 08:57:35.173768,145,1
2021-04-21 08:58:35.173768,60,5
2021-04-21 08:59:35.173768,84,7
2021-04-21 09:00:35.173768,82,10
2021-04-21 09:01:35.173768,100,7
2021-04-21 09:02:35.173768,120,3
2021-04-21 09:03:35.173768,78,5
2021-04-21 09:04:35.173768,165,9
2021-04-21 09:05:35.173768,108,9
2021-04-21 09:06:35.173768,197,10
2021-04-21 09:07:35.173768,187,2
2021-04-21 09:08:35.173768,96,4
2021-04-21 09:09:35.173768,48,1
2021-04-21 09:10:35.173768,186,4
2021-04-21 09:11:35.173768,75,10
2021-04-21 09:12:35.173768,54,10
2021-04-21 09:13:35.173768,87,10
2021-04-21 09:14:35.173768,161,7
2021-04-21 09:15:35.173768,78,7
2021-04-21 09:16:35.173768,134,1
2021-04-21 09:17:35.173768,209,5
2021-04-21 09:18:35.173768,202,10
2021-04-21 09:19:35.173768,95,9
2021-04-21 09:20:35.173768,73,2
2021-04-21 09:21:35.173768,112,4
2021-04-21 09:22:35.173768,67,7
2021-04-21 09:23:35.173768,39,4
2021-04-21 09:24:35.173768,168,3
2021-04-21 09:25:35.173768,17,10
2021-04-21 09:26:35.173768,121,1
2021-04-21 09:27:35.173768,185,7
2021-04-21 09:28:35.173768,55,10
2021-04-21 09:29:35.173768,198,6
2021-04-21 09:30:35.173768,124,8
2021-04-21 09:31:35.173768,191,2
2021-04-21 09:32:35.173768,209,8
2021-04-21 09:33:35.173768,68,1
2021-04-21 09:34:35.173768,88,1
2021-04-21 09:35:35.173768,213,7
2021-04-21 09:36:35.173768,4,2
2021-04-21 09:37:35.173768,49,6
2021-04-21 09:38:35.173768,87,4
2021-04-21 09:39:35.173768,150,6
2021-04-21 09:40:35.173768,155,10
2021-04-21 09:41:35.173768,163,9
2021-04-21 09:42:35.173768,207,6
2021-04-21 09:43:35.173768,54,9
2021-04-21 09:44:35.173768,33,2
2021-04-21 09:45:35.173768,21,10
2021-04-21 09:46:35.173768,98,7
2021-04-21 09:47:35.173768,139,6
2021-04-21 09:48:35.173768,105,10
2021-04-21 09:49:35.173768,107,1
2021-04-21 09:50:35.173768,110,8
2021-04-21 09:51:35.173768,71,2
2021-04-21 09:52:35.173768,17,10
2021-04-21 09:53:35.173768,187,3
2021-04-21 09:54:35.173768,206,4
2021-04-21 09:55:35.173768,159,2
2021-04-21 09:56:35.173768,44,7
2021-04-21 09:57:35.173768,206,2
2021-04-21 09:58:35.173768,63,3
2021-04-21 09:59:35.173768,136,1
2021-04-21 10:00:35.173768,133,3
2021-04-21 10:01:35.173768,25,7
2021-04-21 10:02:35.173768,23,6
2021-04-21 10:03:35.173768,89,1
2021-04-21 10:04:35.173768,36,9
2021-04-21 10:05:35.173768,1,6
2021-04-21 10:06:35.173768,104,1
2021-04-21 10:07:35.173768,174,2
2021-04-21 10:08:35.173768,107,8
2021-04-21 10:09:35.173768,217,5
2021-04-21 10:10:35.173768,65,3
2021-04-21 10:11:35.173768,201,7
2021-04-21 10:12:35.173768,91,10
2021-04-21 10:13:35.173768,181,8
2021-04-21 10:14:35.173768,156,1
2021-04-21 10:15:35.173768,131,2
2021-04-21 10:16:35.173768,17,6
2021-04-21 10:17:35.173768,42,3
2021-04-21 10:18:35.173768,49,1
2021-04-21 10:19:35.173768,78,6
2021-04-21 10:20:35.173768,68,8
2021-04-21 10:21:35.173768,117,2
2021-04-21 10:22:35.173768,214,6
2021-04-21 10:23:35.173768,54,8
2021-04-21 10:24:35.173768,155,10
2021-04-21 10:25:35.173768,100,10
2021-04-21 10:26:35.173768,160,10
2021-04-21 10:27:35.173768,124,3
2021-04-21 10:28:35.173768,93,10
2021-04-21 10:29:35.173768,188,2
2021-04-21 10:30:35.173768,147,2
2021-04-21 10:31:35.173768,37,4
2021-04-21 10:32:35.173768,74,8
2021-04-21 10:33:35.173768,200,4
2021-04-21 10:34:35.173768,119,4
2021-04-21 10:35:35.173768,36,2
2021-04-21 10:36:35.173768,155,9
2021-04-21 10:37:35.173768,105,6
2021-04-21 10:38:35.173768,162,3
2021-04-21 10:39:35.173768,57,3
2021-04-21 10:40:35.173768,4,2
2021-04-21 10:41:35.173768,33,7
2021-04-21 10:42:35.173768,214,9
2021-04-21 10:43:35.173768,121,9
2021-04-21 10:44:35.173768,13,8
2021-04-21 10:45:35.173768,137,1
2021-04-21 10:46:35.173768,208,8
2021-04-21 10:47:35.173768,18,1
2021-04-21 10:48:35.173768,193,5
2021-04-21 10:49:35.173768,120,7
2021-04-21 10:50:35.173768,151,5
2021-04-21 10:51:35.173768,148,4
2021-04-21 10:52:35.173768,200,7
2021-04-21 10:53:35.173768,150,10
2021-04-21 10:54:35.173768,54,7
2021-04-21 10:55:35.173768,21,9
2021-04-21 10:56:35.173768,197,1
2021-04-21 10:57:35.173768,38,8
2021-04-21 10:58:35.173768,85,5
2021-04-21 10:59:35.173768,110,8
2021-04-21 11:00:35.173768,159,8
2021-04-21 11:01:35.173768,209,5
2021-04-21 11:02:35.173768,195,7
2021-04-21 11:03:35.173768,147,4
2021-04-21 11:04:35.173768,25,9
2021-04-21 11:05:35.173768,156,10
2021-04-21 11:06:35.173768,75,3
2021-04-21 11:07:35.173768,11,7
2021-04-21 11:08:35.173768,61,1
2021-04-21 11:09:35.173768,57,7
2021-04-21 11:10:35.173768,169,7
2021-04-21 11:11:35.173768,189,10
2021-04-21 11:12:35.173768,164,10
2021-04-21 11:13:35.173768,116,3
2021-04-21 11:14:35.173768,5,1
2021-04-21 11:15:35.173768,165,7
2021-04-21 11:16:35.173768,3,8
2021-04-21 11:17:35.173768,97,8
2021-04-21 11:18:35.173768,87,8
2021-04-21 11:19:35.173768,40,6
2021-04-21 11:20:35.173768,152,5
2021-04-21 11:21:35.173768,79,8
2021-04-21 11:22:35.173768,119,8
2021-04-21 11:23:35.173768,151,10
2021-04-21 11:24:35.173768,167,4
2021-04-21 11:25:35.173768,32,6
2021-04-21 11:26:35.173768,155,9
2021-04-21 11:27:35.173768,216,3
2021-04-21 11:28:35.173768,156,9
2021-04-21 11:29:35.173768,22,7
2021-04-21 11:30:35.173768,135,8
2021-04-21 11:31:35.173768,211,2
2021-04-21 11:32:35.173768,6,10
2021-04-21 11:33:35.173768,203,4
2021-04-21 11:34:35.173768,10,5
2021-04-21 11:35:35.173768,54,6
2021-04-21 11:36:35.173768,112,6
2021-04-21 11:37:35.173768,179,2
2021-04-21 11:38:35.173768,136,1
2021-04-21 11:39:35.173768,67,1
2021-04-21 11:40:35.173768,19,3
2021-04-21 11:41:35.173768,157,9
2021-04-21 11:42:35.173768,117,3
2021-04-21 11:43:35.173768,195,7
2021-04-21 11:44:35.173768,176,7
2021-04-21 11:45:35.173768,213,4
2021-04-21 11:46:35.173768,108,9
2021-04-21 11:47:35.173768,160,8
2021-04-21 11:48:35.173768,157,8
2021-04-21 11:49:35.173768,189,8
2021-04-21 11:50:35.173768,214,5
2021-04-21 11:51:35.173768,7,1
2021-04-21 11:52:35.173768,205,5
2021-04-21 11:53:35.173768,205,8
2021-04-21 11:54:35.173768,192,3
2021-04-21 11:55:35.173768,96,1
2021-04-21 11:56:35.173768,15,5
2021-04-21 11:57:35.173768,113,8
2021-04-21 11:58:35.173768,6,5
2021-04-21 11:59:35.173768,211,7
2021-04-21 12:00:35.173768,170,4
2021-04-21 12:01:35.173768,2,7
2021-04-21 12:02:35.173768,130,6
2021-04-21 12:03:35.173768,190,6
2021-04-21 12:04:35.173768,120,6
2021-04-21 12:05:35.173768,176,6
2021-04-21 12:06:35.173768,190,6
2021-04-21 12:07:35.173768,127,3
2021-04-21 12:08:35.173768,31,2
2021-04-21 12:09:35.173768,84,5
2021-04-21 12:10:35.173768,121,3
2021-04-21 12:11:35.173768,21,2
2021-04-21 12:12:35.173768,65,6
2021-04-21 12:13:35.173768,142,5
2021-04-21 12:14:35.173768,46,3
2021-04-21 12:15:35.173768,88,7
2021-04-21 12:16:35.173768,138,5
2021-04-21 12:17:35.173768,137,9
2021-04-21 12:18:35.173768,164,1
2021-04-21 12:19:35.173768,94,5
2021-04-21 12:20:35.173768,205,4
2021-04-21 12:21:35.173768,79,4
2021-04-21 12:22:35.173768,83,3
2021-04-21 12:23:35.173768,142,5
2021-04-21 12:24:35.173768,185,6
2021-04-21 12:25:35.173768,46,3
2021-04-21 12:26:35.173768,172,6
2021-04-21 12:27:35.173768,109,8
2021-04-21 12:28:35.173768,149,6
2021-04-21 12:29:35.173768,74,1
2021-04-21 12:30:35.173768,204,8
2021-04-21 12:31:35.173768,79,4
2021-04-21 12:32:35.173768,25,6
2021-04-21 12:33:35.173768,108,8
2021-04-21 12:34:35.173768,211,5
2021-04-21 12:35:35.173768,119,5
2021-04-21 12:36:35.173768,170,8
2021-04-21 12:37:35.173768,113,4
2021-04-21 12:38:35.173768,102,3
2021-04-21 12:39:35.173768,7,3
2021-04-21 12:40:35.173768,98,8
2021-04-21 12:41:35.173768,216,7
2021-04-21 12:42:35.173768,69,2
2021-04-21 12:43:35.173768,133,3
2021-04-21 12:44:35.173768,213,1
2021-04-21 12:45:35.173768,30,10
2021-04-21 12:46:35.173768,29,1
2021-04-21 12:47:35.173768,38,4
2021-04-21 12:48:35.173768,115,8
2021-04-21 12:49:35.173768,167,4
2021-04-21 12:50:35.173768,28,6
2021-04-21 12:51:35.173768,19,3
2021-04-21 12:52:35.173768,110,4
2021-04-21 12:53:35.173768,104,2
2021-04-21 12:54:35.173768,124,9
2021-04-21 12:55:35.173768,209,5
2021-04-21 12:56:35.173768,58,8
2021-04-21 12:57:35.173768,111,9
2021-04-21 12:58:35.173768,79,1
2021-04-21 12:59:35.173768,83,4
2021-04-21 13:00:35.173768,135,9
2021-04-21 13:01:35.173768,68,4
2021-04-21 13:02:35.173768,52,8
2021-04-21 13:03:35.173768,172,1
2021-04-21 13:04:35.173768,153,8
2021-04-21 13:05:35.173768,212,1
2021-04-21 13:06:35.173768,109,2
2021-04-21 13:07:35.173768,114,6
2021-04-21 13:08:35.173768,155,1
2021-04-21 13:09:35.173768,5,10
2021-04-21 13:10:35.173768,66,7
2021-04-21 13:11:35.173768,194,1
2021-04-21 13:12:35.173768,37,8
2021-04-21 13:13:35.173768,5,9
2021-04-21 13:14:35.173768,179,6
2021-04-21 13:15:35.173768,110,9
2021-04-21 13:16:35.173768,187,5
2021-04-21 13:17:35.173768,79,9
2021-04-21 13:18:35.173768,9,10
2021-04-21 13:19:35.173768,154,10
2021-04-21 13:20:35.173768,99,8
2021-04-21 13:21:35.173768,37,10
2021-04-21 13:22:35.173768,106,7
2021-04-21 13:23:35.173768,4,7
2021-04-21 13:24:35.173768,55,6
2021-04-21 13:25:35.173768,188,10
2021-04-21 13:26:35.173768,153,6
2021-04-21 13:27:35.173768,85,2
2021-04-21 13:28:35.173768,105,8
2021-04-21 13:29:35.173768,173,2
2021-04-21 13:30:35.173768,76,4
2021-04-21 13:31:35.173768,215,2
2021-04-21 13:32:35.173768,10,10
2021-04-21 13:33:35.173768,79,10
2021-04-21 13:34:35.173768,87,3
2021-04-21 13:35:35.173768,66,5
2021-04-21 13:36:35.173768,56,7
2021-04-21 13:37:35.173768,147,2
2021-04-21 13:38:35.173768,219,9
2021-04-21 13:39:35.173768,176,10
2021-04-21 13:40:35.173768,143,2
2021-04-21 13:41:35.173768,110,5
2021-04-21 13:42:35.173768,94,1
2021-04-21 13:43:35.173768,183,4
2021-04-21 13:44:35.173768,180,8
2021-04-21 13:45:35.173768,195,10
2021-04-21 13:46:35.173768,161,6
2021-04-21 13:47:35.173768,127,5
2021-04-21 13:48:35.173768,34,3
2021-04-21 13:49:35.173768,88,8
2021-04-21 13:50:35.173768,215,3
2021-04-21 13:51:35.173768,90,8
2021-04-21 13:52:35.173768,144,1
2021-04-21 13:53:35.173768,200,6
2021-04-21 13:54:35.173768,56,5
2021-04-21 13:55:35.173768,131,5
2021-04-21 13:56:35.173768,92,3
2021-04-21 13:57:35.173768,30,9
2021-04-21 13:58:35.173768,109,10
2021-04-21 13:59:35.173768,102,4
2021-04-21 14:00:35.173768,70,9
2021-04-21 14:01:35.173768,62,3
2021-04-21 14:02:35.173768,209,7
2021-04-21 14:03:35.173768,111,2
2021-04-21 14:04:35.173768,154,7
2021-04-21 14:05:35.173768,24,6
2021-04-21 14:06:35.173768,160,5
2021-04-21 14:07:35.173768,31,7
2021-04-21 14:08:35.173768,20,3
2021-04-21 14:09:35.173768,216,2
2021-04-21 14:10:35.173768,179,1
2021-04-21 14:11:35.173768,76,1
2021-04-21 14:12:35.173768,5,2
2021-04-21 14:13:35.173768,16,2
2021-04-21 14:14:35.173768,73,5
2021-04-21 14:15:35.173768,42,2
2021-04-21 14:16:35.173768,176,5
2021-04-21 14:17:35.173768,166,4
2021-04-21 14:18:35.173768,144,5
2021-04-21 14:19:35.173768,65,5
2021-04-21 14:20:35.173768,71,4
2021-04-21 14:21:35.173768,110,6
2021-04-21 14:22:35.173768,59,10
2021-04-21 14:23:35.173768,202,2
2021-04-21 14:24:35.173768,120,10
2021-04-21 14:25:35.173768,52,1
2021-04-21 14:26:35.173768,212,5
2021-04-21 14:27:35.173768,70,7
2021-04-21 14:28:35.173768,213,9
2021-04-21 14:29:35.173768,17,2
2021-04-21 14:30:35.173768,7,2
2021-04-21 14:31:35.173768,96,5
2021-04-21 14:32:35.173768,105,10
2021-04-21 14:33:35.173768,137,7
2021-04-21 14:34:35.173768,23,3
2021-04-21 14:35:35.173768,23,2
2021-04-21 14:36:35.173768,43,2
2021-04-21 14:37:35.173768,178,7
2021-04-21 14:38:35.173768,60,10
2021-04-21 14:39:35.173768,152,3
2021-04-21 14:40:35.173768,78,2
2021-04-21 14:41:35.173768,83,6
2021-04-21 14:42:35.173768,9,2
2021-04-21 14:43:35.173768,155,2
2021-04-21 14:44:35.173768,127,2
2021-04-21 14:45:35.173768,190,7
2021-04-21 14:46:35.173768,37,1
2021-04-21 14:47:35.173768,13,2
2021-04-21 14:48:35.173768,82,4
2021-04-21 14:49:35.173768,114,1
2021-04-21 14:50:35.173768,140,1
2021-04-21 14:51:35.173768,67,4
2021-04-21 14:52:35.173768,29,1
2021-04-21 14:53:35.173768,6,2
2021-04-21 14:54:35.173768,92,3
2021-04-21 14:55:35.173768,82,5
2021-04-21 14:56:35.173768,134,1
2021-04-21 14:57:35.173768,220,2
2021-04-21 14:58:35.173768,197,9
2021-04-21 14:59:35.173768,210,3
2021-04-21 15:00:35.173768,169,10
2021-04-21 15:01:35.173768,100,1
2021-04-21 15:02:35.173768,203,8
2021-04-21 15:03:35.173768,16,3
2021-04-21 15:04:35.173768,104,4
2021-04-21 15:05:35.173768,130,1
2021-04-21 15:06:35.173768,78,9
2021-04-21 15:07:35.173768,143,1
2021-04-21 15:08:35.173768,110,8
2021-04-21 15:09:35.173768,118,8
2021-04-21 15:10:35.173768,51,9
2021-04-21 15:11:35.173768,180,6
2021-04-21 15:12:35.173768,90,4
2021-04-21 15:13:35.173768,212,6
2021-04-21 15:14:35.173768,185,3
2021-04-21 15:15:35.173768,140,4
2021-04-21 15:16:35.173768,47,8
2021-04-21 15:17:35.173768,166,6
2021-04-21 15:18:35.173768,76,8
2021-04-21 15:19:35.173768,155,4
2021-04-21 15:20:35.173768,31,2
2021-04-21 15:21:35.173768,63,5
2021-04-21 15:22:35.173768,94,8
2021-04-21 15:23:35.173768,110,7
2021-04-21 15:24:35.173768,133,9
2021-04-21 15:25:35.173768,12,2
2021-04-21 15:26:35.173768,106,6
2021-04-21 15:27:35.173768,135,5
2021-04-21 15:28:35.173768,83,2
2021-04-21 15:29:35.173768,41,2
2021-04-21 15:30:35.173768,132,1
2021-04-21 15:31:35.173768,24,1
2021-04-21 15:32:35.173768,157,3
2021-04-21 15:33:35.173768,58,1
2021-04-21 15:34:35.173768,103,2
2021-04-21 15:35:35.173768,168,5
2021-04-21 15:36:35.173768,213,6
2021-04-21 15:37:35.173768,179,2
2021-04-21 15:38:35.173768,15,9
2021-04-21 15:39:35.173768,197,1
2021-04-21 15:40:35.173768,107,1
2021-04-21 15:41:35.173768,89,4
2021-04-21 15:42:35.173768,182,8
2021-04-21 15:43:35.173768,181,3
2021-04-21 15:44:35.173768,127,8
2021-04-21 15:45:35.173768,189,2
2021-04-21 15:46:35.173768,196,5
2021-04-21 15:47:35.173768,72,2
2021-04-21 15:48:35.173768,185,9
2021-04-21 15:49:35.173768,89,3
2021-04-21 15:50:35.173768,4,3
2021-04-21 15:51:35.173768,143,5
2021-04-21 15:52:35.173768,165,4
2021-04-21 15:53:35.173768,174,3
2021-04-21 15:54:35.173768,72,2
2021-04-21 15:55:35.173768,154,7
2021-04-21 15:56:35.173768,82,2
2021-04-21 15:57:35.173768,28,5
2021-04-21 15:58:35.173768,130,9
2021-04-21 15:59:35.173768,34,4
2021-04-21 16:00:35.173768,21,1
2021-04-21 16:01:35.173768,24,10
2021-04-21 16:02:35.173768,134,8
2021-04-21 16:03:35.173768,164,2
2021-04-21 16:04:35.173768,215,3
2021-04-21 16:05:35.173768,8,5
2021-04-21 16:06:35.173768,20,6
2021-04-21 16:07:35.173768,61,3
2021-04-21 16:08:35.173768,65,4
2021-04-21 16:09:35.173768,99,2
2021-04-21 16:10:35.173768,69,9
2021-04-21 16:11:35.173768,58,1
2021-04-21 16:12:35.173768,53,6
2021-04-21 16:13:35.173768,19,4
2021-04-21 16:14:35.173768,73,6
2021-04-21 16:15:35.173768,172,9
2021-04-21 16:16:35.173768,173,8
2021-04-21 16:17:35.173768,124,4
2021-04-21 16:18:35.173768,138,1
2021-04-21 16:19:35.173768,106,7
2021-04-21 16:20:35.173768,69,4
2021-04-21 16:21:35.173768,213,1
2021-04-21 16:22:35.173768,25,7
2021-04-21 16:23:35.173768,201,4
2021-04-21 16:24:35.173768,201,4
2021-04-21 16:25:35.173768,206,9
2021-04-21 16:26:35.173768,25,9
2021-04-21 16:27:35.173768,108,5
2021-04-21 16:28:35.173768,139,7
2021-04-21 16:29:35.173768,205,6
2021-04-21 16:30:35.173768,179,8
2021-04-21 16:31:35.173768,173,10
2021-04-21 16:32:35.173768,92,4
2021-04-21 16:33:35.173768,212,7
2021-04-21 16:34:35.173768,1,7
2021-04-21 16:35:35.173768,90,5
2021-04-21 16:36:35.173768,151,4
2021-04-21 16:37:35.173768,145,7
2021-04-21 16:38:35.173768,168,10
2021-04-21 16:39:35.173768,169,2
2021-04-21 16:40:35.173768,145,9
2021-04-21 16:41:35.173768,62,2
2021-04-21 16:42:35.173768,145,3
2021-04-21 16:43:35.173768,119,5
2021-04-21 16:44:35.173768,137,9
2021-04-21 16:45:35.173768,216,5
2021-04-21 16:46:35.173768,92,4
2021-04-21 16:47:35.173768,19,6
2021-04-21 16:48:35.173768,171,4
2021-04-21 16:49:35.173768,60,2
2021-04-21 16:50:35.173768,162,7
2021-04-21 16:51:35.173768,26,9
2021-04-21 16:52:35.173768,63,5
2021-04-21 16:53:35.173768,27,9
2021-04-21 16:54:35.173768,103,8
2021-04-21 16:55:35.173768,209,5
2021-04-21 16:56:35.173768,137,6
2021-04-21 16:57:35.173768,173,5
2021-04-21 16:58:35.173768,83,6
2021-04-21 16:59:35.173768,25,7
2021-04-21 17:00:35.173768,199,8
2021-04-21 17:01:35.173768,28,4
2021-04-21 17:02:35.173768,22,4
2021-04-21 17:03:35.173768,161,1
2021-04-21 17:04:35.173768,22,2
2021-04-21 17:05:35.173768,199,3
2021-04-21 17:06:35.173768,76,5
2021-04-21 17:07:35.173768,113,5
2021-04-21 17:08:35.173768,13,7
2021-04-21 17:09:35.173768,32,3
2021-04-21 17:10:35.173768,189,7
2021-04-21 17:11:35.173768,11,8
2021-04-21 17:12:35.173768,193,9
2021-04-21 17:13:35.173768,120,5
2021-04-21 17:14:35.173768,53,8
2021-04-21 17:15:35.173768,198,6
2021-04-21 17:16:35.173768,21,9
2021-04-21 17:17:35.173768,27,5
2021-04-21 17:18:35.173768,165,4
2021-04-21 17:19:35.173768,130,4
2021-04-21 17:20:35.173768,216,10
2021-04-21 17:21:35.173768,30,4
2021-04-21 17:22:35.173768,62,2
2021-04-21 17:23:35.173768,32,7
2021-04-21 17:24:35.173768,165,10
2021-04-21 17:25:35.173768,18,4
2021-04-21 17:26:35.173768,214,9
